Workbook
Name NativeTimeline_Date: #N/A

Sheet Monthly
A1: Months | B1: Drop Cloth | C1: Actual | D1: Traget | H1: Date | I1: BSR | J1: Ad Spends | K1: ACOS | L1: TACOS | M1: TACOS Target
A2: 45778 | B2: 4' x 12' | C2: 662 | D2: 861 | H2: 45870 | I2: 6 | J2: 485.13 | K2: 29.12 | L2: 18.7 | M2: 12
A3: 45778 | B3: 4' x 15' | C3: 33 | D3: 171 | H3: 45871 | I3: 6 | J3: 505.18 | K3: 32.47 | L3: 29.52 | M3: 12
A4: 45778 | B4: 5' x 20' | C4: 34 | D4: 152 | H4: 45872 | I4: 6 | J4: 614.16 | K4: 35.56 | L4: 27.64 | M4: 12
A5: 45778 | B5: 6' x 9' | C5: 196 | D5: 555 | H5: 45873 | I5: 6 | J5: 644.68 | K5: 24.17 | L5: 16.74 | M5: 12
A6: 45778 | B6: 9' x 12' | C6: 185 | D6: 475 | H6: 45874 | I6: 5 | J6: 590.14 | K6: 31.77 | L6: 22.39 | M6: 12
A7: 45778 | B7: 5' x 5' | C7: 212 | D7: 592 | H7: 45875 | I7: 6 | J7: 592.35 | K7: 33.87 | L7: 25.94 | M7: 12
A8: 45778 | B8: 4' x 5' | C8: 1510 | D8: 2638 | H8: 45876 | I8: 5 | J8: 571.3 | K8: 34.33 | L8: 22.9 | M8: 12
A9: 45809 | B9: 4' x 12' | C9: 768 | D9: 696 | H9: 45877 | I9: 5 | J9: 512.24 | K9: 28.97 | L9: 19.92 | M9: 12
A10: 45809 | B10: 4' x 15' | C10: 212 | D10: 256 | H10: 45878 | I10: 5 | J10: 565.23 | K10: 27.63 | L10: 22.99 | M10: 12
A11: 45809 | B11: 5' x 20' | C11: 250 | D11: 241 | H11: 45879 | I11: 3 | J11: 636.05 | K11: 24.14 | L11: 18.79 | M11: 12
A12: 45809 | B12: 6' x 9' | C12: 615 | D12: 410 | H12: 45880 | I12: 3 | J12: 587.15 | K12: 27.58 | L12: 19.8 | M12: 12
A13: 45809 | B13: 9' x 12' | C13: 864 | D13: 377 | H13: 45881 | I13: 3 | J13: 582.02 | K13: 28.78 | L13: 15.51 | M13: 12
... A29: 45870 | B29: 4' x 5' | C29: 1264 | D29: 1122 | H29: 45897 | I29: 3 | J29: 535.54 | K29: 35.26 | L29: 20.85 | M29: 12
H30: 45898 | I30: 3 | J30: 434.89 | K30: 26.11 | L30: 16.78 | M30: 12
H31: 45899 | I31: 3 | J31: 319.89 | K31: 28.46 | L31: 13.33 | M31: 12
H32: 45900 | I32: 3 | J32: 452.34 | K32: 39.87 | L32: 21.04 | M32: 12
H33: 45839 | I33: 5 | J33: 560.03 | K33: 33.92 | L33: 19.79 | M33: 12
H34: 45840 | I34: 5 | J34: 644.54 | K34: 25.04 | L34: 19.97 | M34: 12
H35: 45841 | I35: 5 | J35: 591.34 | K35: 31.44 | L35: 20.22 | M35: 12
H36: 45842 | I36: 5 | J36: 548.93 | K36: 28.42 | L36: 21.52 | M36: 12
H37: 45843 | I37: 5 | J37: 711.96 | K37: 34.5 | L37: 27.52 | M37: 12
H38: 45844 | I38: 4 | J38: 847.54 | K38: 29.66 | L38: 26.83 | M38: 12
H39: 45845 | I39: 4 | J39: 807.81 | K39: 35.33 | L39: 25.9 | M39: 12
H40: 45846 | I40: 4 | J40: 1176.46 | K40: 41.04 | L40: 28.73 | M40: 12
H41: 45847 | I41: 4 | J41: 867.44 | K41: 51.99 | L41: 26.84 | M41: 12
... H93: 45838 | I93: 5 | J93: 445.66 | K93: 53.57 | L93: 33.09 | M93: 12
H94: 45778

Sheet Charts
A1: Months | B1: Drop Cloth | C1: Actual | D1: Traget | E1: Min | F1: Max | G1: Positive Var | H1: Negative Var | I1: Var
A2: 45870 | B2: 4' x 12' | C2: =SUMIFS(Table1[[Actual ]],Table1[Months],Charts!$A$2,Table1[Drop Cloth],Charts!B2) -> 830 | D2: =SUMIFS(Table1[Traget],Table1[Months],Charts!$A$2,Table1[Drop Cloth],Charts!B2) -> 375 | E2: =MIN(C2:D2) -> 375 | F2: =MAX(C2:D2) -> 830 | G2: =IF(C2>D2,C2-D2,NA()) -> 455 | H2: =IF(C2<D2,D2-C2,NA()) -> #N/A | I2: =C2-D2 -> 455
B3: 4' x 15' | C3: =SUMIFS(Table1[[Actual ]],Table1[Months],Charts!$A$2,Table1[Drop Cloth],Charts!B3) -> 263 | D3: =SUMIFS(Table1[Traget],Table1[Months],Charts!$A$2,Table1[Drop Cloth],Charts!B3) -> 150 | E3: =MIN(C3:D3) -> 150 | F3: =MAX(C3:D3) -> 263 | G3: =IF(C3>D3,C3-D3,NA()) -> 113 | H3: =IF(C3<D3,D3-C3,NA()) -> #N/A | I3: =C3-D3 -> 113
B4: 5' x 20' | C4: =SUMIFS(Table1[[Actual ]],Table1[Months],Charts!$A$2,Table1[Drop Cloth],Charts!B4) -> 175 | D4: =SUMIFS(Table1[Traget],Table1[Months],Charts!$A$2,Table1[Drop Cloth],Charts!B4) -> 103 | E4: =MIN(C4:D4) -> 103 | F4: =MAX(C4:D4) -> 175 | G4: =IF(C4>D4,C4-D4,NA()) -> 72 | H4: =IF(C4<D4,D4-C4,NA()) -> #N/A | I4: =C4-D4 -> 72
B5: 6' x 9' | C5: =SUMIFS(Table1[[Actual ]],Table1[Months],Charts!$A$2,Table1[Drop Cloth],Charts!B5) -> 456 | D5: =SUMIFS(Table1[Traget],Table1[Months],Charts!$A$2,Table1[Drop Cloth],Charts!B5) -> 102 | E5: =MIN(C5:D5) -> 102 | F5: =MAX(C5:D5) -> 456 | G5: =IF(C5>D5,C5-D5,NA()) -> 354 | H5: =IF(C5<D5,D5-C5,NA()) -> #N/A | I5: =C5-D5 -> 354
B6: 9' x 12' | C6: =SUMIFS(Table1[[Actual ]],Table1[Months],Charts!$A$2,Table1[Drop Cloth],Charts!B6) -> 757 | D6: =SUMIFS(Table1[Traget],Table1[Months],Charts!$A$2,Table1[Drop Cloth],Charts!B6) -> 260 | E6: =MIN(C6:D6) -> 260 | F6: =MAX(C6:D6) -> 757 | G6: =IF(C6>D6,C6-D6,NA()) -> 497 | H6: =IF(C6<D6,D6-C6,NA()) -> #N/A | I6: =C6-D6 -> 497
B7: 5' x 5' | C7: =SUMIFS(Table1[[Actual ]],Table1[Months],Charts!$A$2,Table1[Drop Cloth],Charts!B7) -> 547 | D7: =SUMIFS(Table1[Traget],Table1[Months],Charts!$A$2,Table1[Drop Cloth],Charts!B7) -> 750 | E7: =MIN(C7:D7) -> 547 | F7: =MAX(C7:D7) -> 750 | G7: =IF(C7>D7,C7-D7,NA()) -> #N/A | H7: =IF(C7<D7,D7-C7,NA()) -> 203 | I7: =C7-D7 -> -203
B8: 4' x 5' | C8: =SUMIFS(Table1[[Actual ]],Table1[Months],Charts!$A$2,Table1[Drop Cloth],Charts!B8) -> 1264 | D8: =SUMIFS(Table1[Traget],Table1[Months],Charts!$A$2,Table1[Drop Cloth],Charts!B8) -> 1122 | E8: =MIN(C8:D8) -> 1122 | F8: =MAX(C8:D8) -> 1264 | G8: =IF(C8>D8,C8-D8,NA()) -> 142 | H8: =IF(C8<D8,D8-C8,NA()) -> #N/A | I8: =C8-D8 -> 142
A21: Date | B21: Sum of BSR | C21: Sum of Ad Spends
A22: 45809 | B22: 7 | C22: 392.33
A23: 45810 | B23: 7 | C23: 298
A24: 45811 | B24: 7 | C24: 325.89
A25: 45812 | B25: 6 | C25: 321.06
A26: 45813 | B26: 6 | C26: 363.38
A27: 45814 | B27: 6 | C27: 329.93
A28: 45815 | B28: 6 | C28: 362.37
A29: 45816 | B29: 6 | C29: 400.43
A30: 45817 | B30: 6 | C30: 141.69
A31: 45818 | B31: 6 | C31: 400.62
A32: 45819 | B32: 4 | C32: 447.03
A33: 45820 | B33: 5 | C33: 458.2
... A113: 45900 | B113: 3 | C113: 452.34
A114: Grand Total | B114: 443 | C114: 48664.63
